title,description,xp_reward,duration_days,category,difficulty,id,created_date,updated_date,created_by_id,is_sample
"Constructor S√∫per üèóÔ∏è","Construye una torre con 10 bloques o libros sin que se caiga","130","1","productivity","2","68f8d8cff3cad43de43fb0b6","2025-10-22T13:14:55.632000","2025-10-22T13:14:55.632000","68f8bc1e327b319b57e0d51f",""
"Gimnasta Campe√≥n ü§∏","Aprende a tocar tus pies sin doblar las rodillas","150","3","fitness","3","68f8d8cff3cad43de43fb0bc","2025-10-22T13:14:55.633000","2025-10-22T13:14:55.633000","68f8bc1e327b319b57e0d51f",""
"M√∫sico en Entrenamiento üéµ","Crea tu propia canci√≥n y c√°ntala 3 veces","190","2","creative","2","68f8d8cff3cad43de43fb0bd","2025-10-22T13:14:55.633000","2025-10-22T13:14:55.633000","68f8bc1e327b319b57e0d51f",""
"Chef Junior üë®‚Äçüç≥","Ayuda a preparar un s√°ndwich (con supervisi√≥n)","180","1","productivity","2","68f8d8cff3cad43de43fb0c0","2025-10-22T13:14:55.633000","2025-10-22T13:14:55.633000","68f8bc1e327b319b57e0d51f",""
"Maestro de Formas üìê","Encuentra 3 c√≠rculos, 3 cuadrados y 3 tri√°ngulos en tu casa","150","1","learning","1","68f8d8cff3cad43de43fb0b5","2025-10-22T13:14:55.632000","2025-10-22T13:14:55.632000","68f8bc1e327b319b57e0d51f",""
"Bailar√≠n Estrella üíÉ","Inventa una coreograf√≠a de 30 segundos y pres√©ntala","200","2","creative","3","68f8d8cff3cad43de43fb0c1","2025-10-22T13:14:55.633000","2025-10-22T13:14:55.633000","68f8bc1e327b319b57e0d51f",""
"Artista Creativo üé®","Dibuja tu animal favorito usando 5 colores diferentes","200","2","creative","2","68f8d8cff3cad43de43fb0b3","2025-10-22T13:14:55.632000","2025-10-22T13:14:55.632000","68f8bc1e327b319b57e0d51f",""
"Ayudante del Hogar üè†","Guarda 5 juguetes en su lugar. ¬°Ordena tu espacio!","110","1","productivity","1","68f8d8cff3cad43de43fb0b9","2025-10-22T13:14:55.633000","2025-10-22T13:14:55.633000","68f8bc1e327b319b57e0d51f",""
"¬°Contador Estrella! ‚≠ê","Cuenta del 1 al 20 sin equivocarte. ¬°Puedes usar tus dedos!","100","1","learning","1","68f8d8cff3cad43de43fb0b0","2025-10-22T13:14:55.632000","2025-10-22T13:14:55.632000","68f8bc1e327b319b57e0d51f",""
"Capit√°n de Concentraci√≥n üéØ","Completa un rompecabezas de 12 piezas sin parar","200","1","productivity","3","68f8d8cff3cad43de43fb0be","2025-10-22T13:14:55.633000","2025-10-22T13:14:55.633000","68f8bc1e327b319b57e0d51f",""
"Explorador de la Naturaleza üåø","Sal afuera y encuentra 5 cosas diferentes de la naturaleza","160","1","learning","2","68f8d8cff3cad43de43fb0bb","2025-10-22T13:14:55.633000","2025-10-22T13:14:55.633000","68f8bc1e327b319b57e0d51f",""
"Cuentacuentos üìö","Inventa una historia corta sobre un superh√©roe y cu√©ntala","220","2","creative","3","68f8d8cff3cad43de43fb0b7","2025-10-22T13:14:55.633000","2025-10-22T13:14:55.633000","68f8bc1e327b319b57e0d51f",""
"Cient√≠fico Curioso üî¨","Observa una planta durante 5 minutos y dibuja lo que ves","180","1","learning","2","68f8d8cff3cad43de43fb0b4","2025-10-22T13:14:55.632000","2025-10-22T13:14:55.632000","68f8bc1e327b319b57e0d51f",""
"Detective de Letras üîç","Encuentra 5 cosas en tu casa que empiecen con la letra 'A'","150","1","learning","1","68f8d8cff3cad43de43fb0b1","2025-10-22T13:14:55.632000","2025-10-22T13:14:55.632000","68f8bc1e327b319b57e0d51f",""
"Experto en Colores üåà","Nombra 10 colores diferentes y encuentra algo de cada color","140","1","learning","1","68f8d8cff3cad43de43fb0b8","2025-10-22T13:14:55.633000","2025-10-22T13:14:55.633000","68f8bc1e327b319b57e0d51f",""
"Atleta del D√≠a üèÉ‚Äç‚ôÇÔ∏è","Haz 10 saltos de tijera. ¬°Cuenta en voz alta!","120","1","fitness","1","68f8d8cff3cad43de43fb0b2","2025-10-22T13:14:55.632000","2025-10-22T13:14:55.632000","68f8bc1e327b319b57e0d51f",""
"Lector Aventurero üìñ","Lee o escucha un cuento completo sin distraerte","170","1","learning","2","68f8d8cff3cad43de43fb0bf","2025-10-22T13:14:55.633000","2025-10-22T13:14:55.633000","68f8bc1e327b319b57e0d51f",""
"¬°Contador Estrella! ‚≠ê","Cuenta del 1 al 20 sin equivocarte. ¬°Puedes usar tus dedos!","100","1","learning","1","68f8dad51c5e653235a0f701","2025-10-22T13:23:33.758000","2025-10-22T13:23:33.758000","68f8bc1e327b319b57e0d51f",""
"Artista Creativo üé®","Dibuja tu animal favorito usando 5 colores diferentes","200","2","creative","2","68f8dad51c5e653235a0f704","2025-10-22T13:23:33.759000","2025-10-22T13:23:33.759000","68f8bc1e327b319b57e0d51f",""
"Capit√°n de Concentraci√≥n üéØ","Completa un rompecabezas de 12 piezas sin parar","200","1","productivity","3","68f8dad51c5e653235a0f70f","2025-10-22T13:23:33.759000","2025-10-22T13:23:33.759000","68f8bc1e327b319b57e0d51f",""
"Experto en Colores üåà","Nombra 10 colores diferentes y encuentra algo de cada color","140","1","learning","1","68f8dad51c5e653235a0f709","2025-10-22T13:23:33.759000","2025-10-22T13:23:33.759000","68f8bc1e327b319b57e0d51f",""
"Ayudante del Hogar üè†","Guarda 5 juguetes en su lugar. ¬°Ordena tu espacio!","110","1","productivity","1","68f8dad51c5e653235a0f70a","2025-10-22T13:23:33.759000","2025-10-22T13:23:33.759000","68f8bc1e327b319b57e0d51f",""
"Chef Junior üë®‚Äçüç≥","Ayuda a preparar un s√°ndwich (con supervisi√≥n)","180","1","productivity","2","68f8dad51c5e653235a0f711","2025-10-22T13:23:33.759000","2025-10-22T13:23:33.759000","68f8bc1e327b319b57e0d51f",""
"Atleta del D√≠a üèÉ‚Äç‚ôÇÔ∏è","Haz 10 saltos de tijera. ¬°Cuenta en voz alta!","120","1","fitness","1","68f8dad51c5e653235a0f703","2025-10-22T13:23:33.759000","2025-10-22T13:23:33.759000","68f8bc1e327b319b57e0d51f",""
"Bailar√≠n Estrella üíÉ","Inventa una coreograf√≠a de 30 segundos y pres√©ntala","200","2","creative","3","68f8dad51c5e653235a0f712","2025-10-22T13:23:33.759000","2025-10-22T13:23:33.759000","68f8bc1e327b319b57e0d51f",""
"Cient√≠fico Curioso üî¨","Observa una planta durante 5 minutos y dibuja lo que ves","180","1","learning","2","68f8dad51c5e653235a0f705","2025-10-22T13:23:33.759000","2025-10-22T13:23:33.759000","68f8bc1e327b319b57e0d51f",""
"Cuentacuentos üìö","Inventa una historia corta sobre un superh√©roe y cu√©ntala","220","2","creative","3","68f8dad51c5e653235a0f708","2025-10-22T13:23:33.759000","2025-10-22T13:23:33.759000","68f8bc1e327b319b57e0d51f",""
"Matem√°tico Junior ‚ûï","Resuelve 5 sumas sencillas usando objetos (1+2, 2+3, etc.)","180","1","learning","2","68f8dad51c5e653235a0f70b","2025-10-22T13:23:33.759000","2025-10-22T13:23:33.759000","68f8bc1e327b319b57e0d51f",""
"Gimnasta Campe√≥n ü§∏","Aprende a tocar tus pies sin doblar las rodillas","150","3","fitness","3","68f8dad51c5e653235a0f70d","2025-10-22T13:23:33.759000","2025-10-22T13:23:33.759000","68f8bc1e327b319b57e0d51f",""
"M√∫sico en Entrenamiento üéµ","Crea tu propia canci√≥n y c√°ntala 3 veces","190","2","creative","2","68f8dad51c5e653235a0f70e","2025-10-22T13:23:33.759000","2025-10-22T13:23:33.759000","68f8bc1e327b319b57e0d51f",""
"Detective de Letras üîç","Encuentra 5 cosas en tu casa que empiecen con la letra 'A'","150","1","learning","1","68f8dad51c5e653235a0f702","2025-10-22T13:23:33.759000","2025-10-22T13:23:33.759000","68f8bc1e327b319b57e0d51f",""
"Constructor S√∫per üèóÔ∏è","Construye una torre con 10 bloques o libros sin que se caiga","130","1","productivity","2","68f8dad51c5e653235a0f707","2025-10-22T13:23:33.759000","2025-10-22T13:23:33.759000","68f8bc1e327b319b57e0d51f",""
"Maestro de Formas üìê","Encuentra 3 c√≠rculos, 3 cuadrados y 3 tri√°ngulos en tu casa","150","1","learning","1","68f8dad51c5e653235a0f706","2025-10-22T13:23:33.759000","2025-10-22T13:23:33.759000","68f8bc1e327b319b57e0d51f",""
"Explorador de la Naturaleza üåø","Sal afuera y encuentra 5 cosas diferentes de la naturaleza","160","1","learning","2","68f8dad51c5e653235a0f70c","2025-10-22T13:23:33.759000","2025-10-22T13:23:33.759000","68f8bc1e327b319b57e0d51f",""
"Lector Aventurero üìñ","Lee o escucha un cuento completo sin distraerte","170","1","learning","2","68f8dad51c5e653235a0f710","2025-10-22T13:23:33.759000","2025-10-22T13:23:33.759000","68f8bc1e327b319b57e0d51f",""
"Artista Creativo üé®","Dibuja tu animal favorito usando 5 colores diferentes","200","2","creatividad","2","68f8dc1eb506039aa9fdce37","2025-10-22T13:29:02.843000","2025-10-22T13:29:02.843000","68f8bc1e327b319b57e0d51f",""
"Experto en Colores üåà","Nombra 10 colores diferentes y encuentra algo de cada color","140","1","aprendizaje","1","68f8dc1eb506039aa9fdce3c","2025-10-22T13:29:02.844000","2025-10-22T13:29:02.844000","68f8bc1e327b319b57e0d51f",""
"Atleta del D√≠a üèÉ‚Äç‚ôÇÔ∏è","Haz 10 saltos de tijera. ¬°Cuenta en voz alta!","120","1","movimiento","1","68f8dc1eb506039aa9fdce36","2025-10-22T13:29:02.843000","2025-10-22T13:29:02.843000","68f8bc1e327b319b57e0d51f",""
"Ayudante del Hogar üè†","Guarda 5 juguetes en su lugar. ¬°Ordena tu espacio!","110","1","tareas","1","68f8dc1eb506039aa9fdce3d","2025-10-22T13:29:02.844000","2025-10-22T13:29:02.844000","68f8bc1e327b319b57e0d51f",""
"M√∫sico en Entrenamiento üéµ","Crea tu propia canci√≥n y c√°ntala 3 veces","190","2","creatividad","2","68f8dc1eb506039aa9fdce41","2025-10-22T13:29:02.844000","2025-10-22T13:29:02.844000","68f8bc1e327b319b57e0d51f",""
"Maestro de Formas üìê","Encuentra 3 c√≠rculos, 3 cuadrados y 3 tri√°ngulos en tu casa","150","1","aprendizaje","1","68f8dc1eb506039aa9fdce39","2025-10-22T13:29:02.843000","2025-10-22T13:29:02.843000","68f8bc1e327b319b57e0d51f",""
"Gimnasta Campe√≥n ü§∏","Aprende a tocar tus pies sin doblar las rodillas","150","3","movimiento","3","68f8dc1eb506039aa9fdce40","2025-10-22T13:29:02.844000","2025-10-22T13:29:02.844000","68f8bc1e327b319b57e0d51f",""
"Cuentacuentos üìö","Inventa una historia corta sobre un superh√©roe y cu√©ntala","220","2","creatividad","3","68f8dc1eb506039aa9fdce3b","2025-10-22T13:29:02.843000","2025-10-22T13:29:02.843000","68f8bc1e327b319b57e0d51f",""
"Lector Aventurero üìñ","Lee o escucha un cuento completo sin distraerte","170","1","aprendizaje","2","68f8dc1eb506039aa9fdce43","2025-10-22T13:29:02.844000","2025-10-22T13:29:02.844000","68f8bc1e327b319b57e0d51f",""
"Chef Junior üë®‚Äçüç≥","Ayuda a preparar un s√°ndwich (con supervisi√≥n)","180","1","tareas","2","68f8dc1eb506039aa9fdce44","2025-10-22T13:29:02.844000","2025-10-22T13:29:02.844000","68f8bc1e327b319b57e0d51f",""
"Detective de Letras üîç","Encuentra 5 cosas en tu casa que empiecen con la letra 'A'","150","1","aprendizaje","1","68f8dc1eb506039aa9fdce35","2025-10-22T13:29:02.843000","2025-10-22T13:29:02.843000","68f8bc1e327b319b57e0d51f",""
"Matem√°tico Junior ‚ûï","Resuelve 5 sumas sencillas usando objetos (1+2, 2+3, etc.)","180","1","aprendizaje","2","68f8dc1eb506039aa9fdce3e","2025-10-22T13:29:02.844000","2025-10-22T13:29:02.844000","68f8bc1e327b319b57e0d51f",""
"Explorador de la Naturaleza üåø","Sal afuera y encuentra 5 cosas diferentes de la naturaleza","160","1","aprendizaje","2","68f8dc1eb506039aa9fdce3f","2025-10-22T13:29:02.844000","2025-10-22T13:29:02.844000","68f8bc1e327b319b57e0d51f",""
"Bailar√≠n Estrella üíÉ","Inventa una coreograf√≠a de 30 segundos y pres√©ntala","200","2","creatividad","3","68f8dc1eb506039aa9fdce45","2025-10-22T13:29:02.844000","2025-10-22T13:29:02.844000","68f8bc1e327b319b57e0d51f",""
"¬°Contador Estrella! ‚≠ê","Cuenta del 1 al 20 sin equivocarte. ¬°Puedes usar tus dedos!","100","1","aprendizaje","1","68f8dc1eb506039aa9fdce34","2025-10-22T13:29:02.843000","2025-10-22T13:29:02.843000","68f8bc1e327b319b57e0d51f",""
"Cient√≠fico Curioso üî¨","Observa una planta durante 5 minutos y dibuja lo que ves","180","1","aprendizaje","2","68f8dc1eb506039aa9fdce38","2025-10-22T13:29:02.843000","2025-10-22T13:29:02.843000","68f8bc1e327b319b57e0d51f",""
"Constructor S√∫per üèóÔ∏è","Construye una torre con 10 bloques o libros sin que se caiga","130","1","tareas","2","68f8dc1eb506039aa9fdce3a","2025-10-22T13:29:02.843000","2025-10-22T13:29:02.843000","68f8bc1e327b319b57e0d51f",""
"Capit√°n de Concentraci√≥n üéØ","Completa un rompecabezas de 12 piezas sin parar","200","1","tareas","3","68f8dc1eb506039aa9fdce42","2025-10-22T13:29:02.844000","2025-10-22T13:29:02.844000","68f8bc1e327b319b57e0d51f",""
"Baile de 2 Minutos üíÉ","Pon tu canci√≥n favorita y baila durante 2 minutos sin parar","100","1","movimiento","1","68f8f288d62f508c1e7b5410","2025-10-22T15:04:40.140000","2025-10-22T15:04:40.140000","68f8bc1e327b319b57e0d51f",""
"Alfabeto Divertido üî§","Di el abecedario de la A a la J sin equivocarte","140","1","aprendizaje","1","68f8f288d62f508c1e7b5411","2025-10-22T15:04:40.140000","2025-10-22T15:04:40.140000","68f8bc1e327b319b57e0d51f",""
"Dibuja tu Familia üë®‚Äçüë©‚Äçüëß","Haz un dibujo de tu familia con muchos colores","180","2","creatividad","2","68f8f288d62f508c1e7b5413","2025-10-22T15:04:40.140000","2025-10-22T15:04:40.140000","68f8bc1e327b319b57e0d51f",""
"Ayudante de Cocina üçΩÔ∏è","Ayuda a poner la mesa para comer (con supervisi√≥n)","130","1","tareas","1","68f8f288d62f508c1e7b541a","2025-10-22T15:04:40.140000","2025-10-22T15:04:40.140000","68f8bc1e327b319b57e0d51f",""
"Canta una Canci√≥n üéµ","Canta tu canci√≥n favorita completa","140","1","creatividad","1","68f8f288d62f508c1e7b541f","2025-10-22T15:04:40.140000","2025-10-22T15:04:40.140000","68f8bc1e327b319b57e0d51f",""
"Encuentra los Colores üé®","Busca 3 cosas rojas, 3 azules y 3 amarillas en tu habitaci√≥n","120","1","aprendizaje","1","68f8f288d62f508c1e7b540e","2025-10-22T15:04:40.140000","2025-10-22T15:04:40.140000","68f8bc1e327b319b57e0d51f",""
"Ordena tus Juguetes üß∏","Guarda 10 juguetes en su lugar correcto","120","1","tareas","1","68f8f288d62f508c1e7b5414","2025-10-22T15:04:40.140000","2025-10-22T15:04:40.140000","68f8bc1e327b319b57e0d51f",""
"Saltos de Rana üê∏","Da 15 saltos como una rana. ¬°Cuenta en voz alta!","110","1","movimiento","1","68f8f288d62f508c1e7b5412","2025-10-22T15:04:40.140000","2025-10-22T15:04:40.140000","68f8bc1e327b319b57e0d51f",""
"Cuenta hasta 30 üî¢","Cuenta del 1 al 30 sin saltarte ning√∫n n√∫mero","150","1","aprendizaje","2","68f8f288d62f508c1e7b5415","2025-10-22T15:04:40.140000","2025-10-22T15:04:40.140000","68f8bc1e327b319b57e0d51f",""
"Yoga de 3 Minutos üßò","Haz 3 posturas de yoga diferentes (con ayuda)","170","1","movimiento","2","68f8f288d62f508c1e7b5420","2025-10-22T15:04:40.140000","2025-10-22T15:04:40.140000","68f8bc1e327b319b57e0d51f",""
"Plastilina Creativa üé®","Haz 3 figuras diferentes con plastilina","180","2","creatividad","2","68f8f288d62f508c1e7b541c","2025-10-22T15:04:40.140000","2025-10-22T15:04:40.140000","68f8bc1e327b319b57e0d51f",""
"Saluda a Todos ‚òÄÔ∏è","Di buenos d√≠as a 5 personas diferentes hoy","130","1","social","1","68f8f288d62f508c1e7b5416","2025-10-22T15:04:40.140000","2025-10-22T15:04:40.140000","68f8bc1e327b319b57e0d51f",""
"Rompecabezas R√°pido üß©","Completa un rompecabezas de 6 piezas","160","1","aprendizaje","2","68f8f288d62f508c1e7b541e","2025-10-22T15:04:40.140000","2025-10-22T15:04:40.140000","68f8bc1e327b319b57e0d51f",""
"Suma con Objetos ‚ûï","Toma 3 juguetes y 2 m√°s. ¬øCu√°ntos tienes en total?","150","1","aprendizaje","1","68f8f288d62f508c1e7b540d","2025-10-22T15:04:40.140000","2025-10-22T15:04:40.140000","68f8bc1e327b319b57e0d51f",""
"Torre de Bloques üèóÔ∏è","Construye la torre m√°s alta que puedas sin que se caiga","130","1","creatividad","2","68f8f288d62f508c1e7b540f","2025-10-22T15:04:40.140000","2025-10-22T15:04:40.140000","68f8bc1e327b319b57e0d51f",""
"Carrera de Obst√°culos üèÉ","Crea un camino con cojines y p√°salo sin tocar el suelo","170","1","movimiento","2","68f8f288d62f508c1e7b541b","2025-10-22T15:04:40.140000","2025-10-22T15:04:40.140000","68f8bc1e327b319b57e0d51f",""
"Estatua Congelada üßä","Qu√©date quieto como una estatua durante 1 minuto completo","160","1","movimiento","2","68f8f288d62f508c1e7b5417","2025-10-22T15:04:40.140000","2025-10-22T15:04:40.140000","68f8bc1e327b319b57e0d51f",""
"Historia Inventada üìö","Inventa una historia corta sobre un animal m√°gico","200","2","creatividad","3","68f8f288d62f508c1e7b5418","2025-10-22T15:04:40.140000","2025-10-22T15:04:40.140000","68f8bc1e327b319b57e0d51f",""
"Encuentra las Formas üìê","Busca 5 c√≠rculos y 5 cuadrados en tu casa","140","1","aprendizaje","1","68f8f288d62f508c1e7b5419","2025-10-22T15:04:40.140000","2025-10-22T15:04:40.140000","68f8bc1e327b319b57e0d51f",""
"Comparte un Juguete ü§ù","Comparte tu juguete favorito con alguien por 5 minutos","150","1","social","2","68f8f288d62f508c1e7b541d","2025-10-22T15:04:40.140000","2025-10-22T15:04:40.140000","68f8bc1e327b319b57e0d51f",""
"Crea tu primer dise√±o en Figma","Dise√±a una pantalla de bienvenida para una app m√≥vil","150","3","dise√±o","1","68f9bedb9d2cbbdee38d42bc","2025-10-23T05:36:27.446000","2025-10-23T05:36:27.446000","68f8bc1e327b319b57e0d51f",""
"Mejora la paleta de colores","Actualiza los colores de un proyecto existente para mejor accesibilidad","120","2","dise√±o","2","68f9bedb9d2cbbdee38d42bd","2025-10-23T05:36:27.446000","2025-10-23T05:36:27.446000","68f8bc1e327b319b57e0d51f",""
"Implementa una API REST","Crea endpoints b√°sicos para un CRUD de usuarios","200","5","c√≥digo","2","68f9bedb9d2cbbdee38d42be","2025-10-23T05:36:27.446000","2025-10-23T05:36:27.446000","68f8bc1e327b319b57e0d51f",""
"Optimiza el rendimiento","Reduce el tiempo de carga de una p√°gina en un 30%","180","4","c√≥digo","3","68f9bedb9d2cbbdee38d42bf","2025-10-23T05:36:27.446000","2025-10-23T05:36:27.446000","68f8bc1e327b319b57e0d51f",""
"Campa√±a en redes sociales","Crea y publica 5 posts en redes sociales para tu proyecto","130","7","marketing","1","68f9bedb9d2cbbdee38d42c0","2025-10-23T05:36:27.446000","2025-10-23T05:36:27.446000","68f8bc1e327b319b57e0d51f",""
"An√°lisis de m√©tricas","Crea un reporte de analytics con insights accionables","160","3","marketing","2","68f9bedb9d2cbbdee38d42c1","2025-10-23T05:36:27.446000","2025-10-23T05:36:27.446000","68f8bc1e327b319b57e0d51f",""
"Documenta tu proyecto","Escribe un README completo con instrucciones de instalaci√≥n","100","2","otros","1","68f9bedb9d2cbbdee38d42c2","2025-10-23T05:36:27.446000","2025-10-23T05:36:27.446000","68f8bc1e327b319b57e0d51f",""
"Mentoriza a un compa√±ero","Ayuda a otro desarrollador a resolver un problema t√©cnico","140","1","otros","2","68f9bedb9d2cbbdee38d42c3","2025-10-23T05:36:27.446000","2025-10-23T05:36:27.446000","68f8bc1e327b319b57e0d51f",""
"Dise√±a un Logo Creativo","Crea un logo original para tu proyecto favorito","150","7","creatividad","2","68f9c0e922cc45f2f4c6c7de","2025-10-23T05:45:13.593000","2025-10-23T05:45:13.593000","68f8bc1e327b319b57e0d51f",""
"Completa 10 Saltos","Salta 10 veces seguidas sin parar","50","1","movimiento","1","68f9c0e922cc45f2f4c6c7df","2025-10-23T05:45:13.593000","2025-10-23T05:45:13.593000","68f8bc1e327b319b57e0d51f",""
"Lee un Libro","Termina de leer un libro completo","200","14","aprendizaje","3","68f9c0e922cc45f2f4c6c7e0","2025-10-23T05:45:13.593000","2025-10-23T05:45:13.593000","68f8bc1e327b319b57e0d51f",""
"Organiza tu Habitaci√≥n","Deja tu habitaci√≥n s√∫per ordenada","100","1","tareas","2","68f9c0e922cc45f2f4c6c7e1","2025-10-23T05:45:13.593000","2025-10-23T05:45:13.593000","68f8bc1e327b319b57e0d51f",""
"Ayuda a un Amigo","Ayuda a alguien con sus tareas","120","3","social","1","68f9c0e922cc45f2f4c6c7e2","2025-10-23T05:45:13.593000","2025-10-23T05:45:13.593000","68f8bc1e327b319b57e0d51f",""
"Dibuja un Paisaje","Crea un dibujo de tu lugar favorito","130","5","creatividad","2","68f9c0e922cc45f2f4c6c7e3","2025-10-23T05:45:13.593000","2025-10-23T05:45:13.593000","68f8bc1e327b319b57e0d51f",""
"Corre 15 Minutos","Sal a correr durante 15 minutos","80","1","movimiento","2","68f9c0e922cc45f2f4c6c7e4","2025-10-23T05:45:13.593000","2025-10-23T05:45:13.593000","68f8bc1e327b319b57e0d51f",""
"Aprende 5 Palabras Nuevas","Busca y aprende 5 palabras que no conoc√≠as","90","3","aprendizaje","1","68f9c0e922cc45f2f4c6c7e5","2025-10-23T05:45:13.593000","2025-10-23T05:45:13.593000","68f8bc1e327b319b57e0d51f",""
"Resolver Sudoku 4x4","Completa un sudoku f√°cil de 4x4 para ejercitar tu concentraci√≥n","15","1","atencion","2","68f9c754cc10804e9f340056","2025-10-23T06:12:36.898000","2025-10-23T06:12:36.898000","68f8bc1e327b319b57e0d51f",""
"Laberinto del D√≠a","Encuentra la salida del laberinto sin levantar el l√°piz","12","1","atencion","1","68f9c754cc10804e9f340057","2025-10-23T06:12:36.898000","2025-10-23T06:12:36.898000","68f8bc1e327b319b57e0d51f",""
"Secuencia de Colores","Memoriza y repite la secuencia de colores que te mostramos","18","1","atencion","3","68f9c754cc10804e9f340058","2025-10-23T06:12:36.898000","2025-10-23T06:12:36.898000","68f8bc1e327b319b57e0d51f",""
"Ejercicio de Respiraci√≥n","Practica 5 minutos de respiraci√≥n profunda para calmarte","10","1","autorregulacion","1","68f9c754cc10804e9f340059","2025-10-23T06:12:36.898000","2025-10-23T06:12:36.898000","68f8bc1e327b319b57e0d51f",""
"Sopa de Letras","Encuentra todas las palabras escondidas en la sopa de letras","14","1","atencion","2","68f9c754cc10804e9f34005a","2025-10-23T06:12:36.898000","2025-10-23T06:12:36.898000","68f8bc1e327b319b57e0d51f",""
"Tangrams Creativos","Forma las figuras usando las 7 piezas del tangram","20","1","creatividad","3","68f9c754cc10804e9f34005b","2025-10-23T06:12:36.898000","2025-10-23T06:12:36.898000","68f8bc1e327b319b57e0d51f",""
"Ayuda en Casa","Ayuda con una tarea del hogar sin que te lo pidan","25","1","cooperacion","1","68f9c754cc10804e9f34005c","2025-10-23T06:12:36.898000","2025-10-23T06:12:36.898000","68f8bc1e327b319b57e0d51f",""
"Organiza tu Espacio","Ordena tu escritorio o √°rea de estudio","15","1","tareas","1","68f9c754cc10804e9f34005d","2025-10-23T06:12:36.898000","2025-10-23T06:12:36.898000","68f8bc1e327b319b57e0d51f",""
"Lectura Semanal","Lee un libro durante 30 minutos cada d√≠a esta semana","50","7","aprendizaje","3","68f9c754cc10804e9f34005e","2025-10-23T06:12:36.898000","2025-10-23T06:12:36.898000","68f8bc1e327b319b57e0d51f",""
"Maestro de Puzzles","Completa 3 puzzles diferentes esta semana","40","7","atencion","2","68f9c754cc10804e9f34005f","2025-10-23T06:12:36.898000","2025-10-23T06:12:36.898000","68f8bc1e327b319b57e0d51f",""
"Artista Creativo","Crea 5 dibujos o manualidades esta semana","45","7","creatividad","2","68f9c754cc10804e9f340060","2025-10-23T06:12:36.899000","2025-10-23T06:12:36.899000","68f8bc1e327b319b57e0d51f",""
"Campe√≥n de Tareas","Completa todas tus tareas escolares a tiempo esta semana","60","7","tareas","3","68f9c754cc10804e9f340061","2025-10-23T06:12:36.899000","2025-10-23T06:12:36.899000","68f8bc1e327b319b57e0d51f",""
"Explorador Activo","Haz ejercicio o juega al aire libre 5 d√≠as esta semana","55","7","movimiento","3","68f9c754cc10804e9f340062","2025-10-23T06:12:36.899000","2025-10-23T06:12:36.899000","68f8bc1e327b319b57e0d51f",""
"Amigo Solidario","Ayuda a un amigo o compa√±ero con algo esta semana","35","7","cooperacion","2","68f9c754cc10804e9f340063","2025-10-23T06:12:36.899000","2025-10-23T06:12:36.899000","68f8bc1e327b319b57e0d51f",""
"Zen Semanal","Practica ejercicios de relajaci√≥n o mindfulness 4 veces esta semana","40","7","autorregulacion","2","68f9c754cc10804e9f340064","2025-10-23T06:12:36.899000","2025-10-23T06:12:36.899000","68f8bc1e327b319b57e0d51f",""
"¬°Buenos D√≠as!","Di buenos d√≠as a 3 personas de tu familia","10","","social","1","68f9c923971a55481b6ba7ec","2025-10-23T06:20:19.174000","2025-10-23T06:20:19.174000","68f8bc1e327b319b57e0d51f",""
"Recoge 5 Juguetes","Guarda 5 juguetes en su lugar","10","","tareas","1","68f9c923971a55481b6ba7ed","2025-10-23T06:20:19.174000","2025-10-23T06:20:19.174000","68f8bc1e327b319b57e0d51f",""
"Saltos de Rana","Da 10 saltos como una rana üê∏","10","","movimiento","1","68f9c923971a55481b6ba7ee","2025-10-23T06:20:19.174000","2025-10-23T06:20:19.174000","68f8bc1e327b319b57e0d51f",""
"Respira Hondo","Respira hondo 3 veces: inhala por la nariz, exhala por la boca","10","","autorregulacion","1","68f9c923971a55481b6ba7ef","2025-10-23T06:20:19.174000","2025-10-23T06:20:19.174000","68f8bc1e327b319b57e0d51f",""
"Dibuja Tu Familia","Haz un dibujo de tu familia con colores","15","","creatividad","1","68f9c923971a55481b6ba7f0","2025-10-23T06:20:19.174000","2025-10-23T06:20:19.174000","68f8bc1e327b319b57e0d51f",""
"Cuenta Hasta 10","Cuenta del 1 al 10 en voz alta","10","","aprendizaje","1","68f9c923971a55481b6ba7f1","2025-10-23T06:20:19.174000","2025-10-23T06:20:19.174000","68f8bc1e327b319b57e0d51f",""
"Ayuda en la Mesa","Ayuda a poner 3 cosas en la mesa para comer","15","","cooperacion","1","68f9c923971a55481b6ba7f2","2025-10-23T06:20:19.174000","2025-10-23T06:20:19.174000","68f8bc1e327b319b57e0d51f",""
"Encuentra 3 Cosas Rojas","Busca 3 objetos de color rojo en tu casa","15","","atencion","1","68f9c923971a55481b6ba7f3","2025-10-23T06:20:19.174000","2025-10-23T06:20:19.174000","68f8bc1e327b319b57e0d51f",""
"Baila una Canci√≥n","Baila tu canci√≥n favorita completa","15","","movimiento","1","68f9c923971a55481b6ba7f4","2025-10-23T06:20:19.174000","2025-10-23T06:20:19.174000","68f8bc1e327b319b57e0d51f",""
"Abrazo Especial","Dale un abrazo a alguien que quieras","10","","social","1","68f9c923971a55481b6ba7f5","2025-10-23T06:20:19.174000","2025-10-23T06:20:19.174000","68f8bc1e327b319b57e0d51f",""
"Torre de Bloques","Construye una torre con 10 bloques o libros","20","","atencion","2","68f9c923971a55481b6ba7f6","2025-10-23T06:20:19.174000","2025-10-23T06:20:19.174000","68f8bc1e327b319b57e0d51f",""
"Clasifica por Colores","Agrupa 10 objetos por colores (rojo con rojo, azul con azul...)","20","","atencion","2","68f9c923971a55481b6ba7f7","2025-10-23T06:20:19.175000","2025-10-23T06:20:19.175000","68f8bc1e327b319b57e0d51f",""
"Cuento Corto","Lee o escucha un cuento de 5 minutos","20","","aprendizaje","2","68f9c923971a55481b6ba7f8","2025-10-23T06:20:19.175000","2025-10-23T06:20:19.175000","68f8bc1e327b319b57e0d51f",""
"Estatuas","Juega a las estatuas: qu√©date quieto como una estatua por 30 segundos","20","","autorregulacion","2","68f9c923971a55481b6ba7f9","2025-10-23T06:20:19.175000","2025-10-23T06:20:19.175000","68f8bc1e327b319b57e0d51f",""
"Comparte Tu Juguete","Comparte un juguete con alguien por 10 minutos","25","","cooperacion","2","68f9c923971a55481b6ba7fa","2025-10-23T06:20:19.175000","2025-10-23T06:20:19.175000","68f8bc1e327b319b57e0d51f",""
"¬°Buenos D√≠as!","Di buenos d√≠as a 3 personas de tu familia","10","","social","1","68f9cb87893d13edda66d520","2025-10-23T06:30:31.530000","2025-10-23T06:30:31.530000","68f8bc1e327b319b57e0d51f",""
"Recoge 5 Juguetes","Guarda 5 juguetes en su lugar","10","","tareas","1","68f9cb87893d13edda66d521","2025-10-23T06:30:31.531000","2025-10-23T06:30:31.531000","68f8bc1e327b319b57e0d51f",""
"Saltos de Rana","Da 10 saltos como una rana üê∏","10","","movimiento","1","68f9cb87893d13edda66d522","2025-10-23T06:30:31.531000","2025-10-23T06:30:31.531000","68f8bc1e327b319b57e0d51f",""
"Respira Hondo","Respira hondo 3 veces: inhala por la nariz, exhala por la boca","10","","autorregulacion","1","68f9cb87893d13edda66d523","2025-10-23T06:30:31.531000","2025-10-23T06:30:31.531000","68f8bc1e327b319b57e0d51f",""
"Dibuja Tu Familia","Haz un dibujo de tu familia con colores","15","","creatividad","1","68f9cb87893d13edda66d524","2025-10-23T06:30:31.531000","2025-10-23T06:30:31.531000","68f8bc1e327b319b57e0d51f",""
"Cuenta Hasta 10","Cuenta del 1 al 10 en voz alta","10","","aprendizaje","1","68f9cb87893d13edda66d525","2025-10-23T06:30:31.531000","2025-10-23T06:30:31.531000","68f8bc1e327b319b57e0d51f",""
"Ayuda en la Mesa","Ayuda a poner 3 cosas en la mesa para comer","15","","cooperacion","1","68f9cb87893d13edda66d526","2025-10-23T06:30:31.531000","2025-10-23T06:30:31.531000","68f8bc1e327b319b57e0d51f",""
"Encuentra 3 Cosas Rojas","Busca 3 objetos de color rojo en tu casa","15","","atencion","1","68f9cb87893d13edda66d527","2025-10-23T06:30:31.531000","2025-10-23T06:30:31.531000","68f8bc1e327b319b57e0d51f",""
"Baila una Canci√≥n","Baila tu canci√≥n favorita completa","15","","movimiento","1","68f9cb87893d13edda66d528","2025-10-23T06:30:31.531000","2025-10-23T06:30:31.531000","68f8bc1e327b319b57e0d51f",""
"Abrazo Especial","Dale un abrazo a alguien que quieras","10","","social","1","68f9cb87893d13edda66d529","2025-10-23T06:30:31.531000","2025-10-23T06:30:31.531000","68f8bc1e327b319b57e0d51f",""
"Torre de Bloques","Construye una torre con 10 bloques o libros","20","","atencion","2","68f9cb87893d13edda66d52a","2025-10-23T06:30:31.531000","2025-10-23T06:30:31.531000","68f8bc1e327b319b57e0d51f",""
"Clasifica por Colores","Agrupa 10 objetos por colores (rojo con rojo, azul con azul...)","20","","atencion","2","68f9cb87893d13edda66d52b","2025-10-23T06:30:31.531000","2025-10-23T06:30:31.531000","68f8bc1e327b319b57e0d51f",""
"Cuento Corto","Lee o escucha un cuento de 5 minutos","20","","aprendizaje","2","68f9cb87893d13edda66d52c","2025-10-23T06:30:31.531000","2025-10-23T06:30:31.531000","68f8bc1e327b319b57e0d51f",""
"Estatuas","Juega a las estatuas: qu√©date quieto como una estatua por 30 segundos","20","","autorregulacion","2","68f9cb87893d13edda66d52d","2025-10-23T06:30:31.531000","2025-10-23T06:30:31.531000","68f8bc1e327b319b57e0d51f",""
"Comparte Tu Juguete","Comparte un juguete con alguien por 10 minutos","25","","cooperacion","2","68f9cb87893d13edda66d52e","2025-10-23T06:30:31.531000","2025-10-23T06:30:31.531000","68f8bc1e327b319b57e0d51f",""
"¬°Buenos D√≠as!","Di buenos d√≠as a 3 personas de tu familia","10","","social","1","68fa82a21c8caf95f20f7f1d","2025-10-23T19:31:46.659000","2025-10-23T19:31:46.659000","68f8bc1e327b319b57e0d51f",""
"Recoge 5 Juguetes","Guarda 5 juguetes en su lugar","10","","tareas","1","68fa82a21c8caf95f20f7f1e","2025-10-23T19:31:46.659000","2025-10-23T19:31:46.659000","68f8bc1e327b319b57e0d51f",""
"Saltos de Rana","Da 10 saltos como una rana üê∏","10","","movimiento","1","68fa82a21c8caf95f20f7f1f","2025-10-23T19:31:46.659000","2025-10-23T19:31:46.659000","68f8bc1e327b319b57e0d51f",""
"Respira Hondo","Respira hondo 3 veces: inhala por la nariz, exhala por la boca","10","","autorregulacion","1","68fa82a21c8caf95f20f7f20","2025-10-23T19:31:46.659000","2025-10-23T19:31:46.659000","68f8bc1e327b319b57e0d51f",""
"Dibuja Tu Familia","Haz un dibujo de tu familia con colores","15","","creatividad","1","68fa82a21c8caf95f20f7f21","2025-10-23T19:31:46.659000","2025-10-23T19:31:46.659000","68f8bc1e327b319b57e0d51f",""
"Cuenta Hasta 10","Cuenta del 1 al 10 en voz alta","10","","aprendizaje","1","68fa82a21c8caf95f20f7f22","2025-10-23T19:31:46.659000","2025-10-23T19:31:46.659000","68f8bc1e327b319b57e0d51f",""
"Ayuda en la Mesa","Ayuda a poner 3 cosas en la mesa para comer","15","","cooperacion","1","68fa82a21c8caf95f20f7f23","2025-10-23T19:31:46.659000","2025-10-23T19:31:46.659000","68f8bc1e327b319b57e0d51f",""
"Encuentra 3 Cosas Rojas","Busca 3 objetos de color rojo en tu casa","15","","atencion","1","68fa82a21c8caf95f20f7f24","2025-10-23T19:31:46.659000","2025-10-23T19:31:46.659000","68f8bc1e327b319b57e0d51f",""
"Baila una Canci√≥n","Baila tu canci√≥n favorita completa","15","","movimiento","1","68fa82a21c8caf95f20f7f25","2025-10-23T19:31:46.659000","2025-10-23T19:31:46.659000","68f8bc1e327b319b57e0d51f",""
"Abrazo Especial","Dale un abrazo a alguien que quieras","10","","social","1","68fa82a21c8caf95f20f7f26","2025-10-23T19:31:46.659000","2025-10-23T19:31:46.659000","68f8bc1e327b319b57e0d51f",""
"Torre de Bloques","Construye una torre con 10 bloques o libros","20","","atencion","2","68fa82a21c8caf95f20f7f27","2025-10-23T19:31:46.659000","2025-10-23T19:31:46.659000","68f8bc1e327b319b57e0d51f",""
"Clasifica por Colores","Agrupa 10 objetos por colores (rojo con rojo, azul con azul...)","20","","atencion","2","68fa82a21c8caf95f20f7f28","2025-10-23T19:31:46.659000","2025-10-23T19:31:46.659000","68f8bc1e327b319b57e0d51f",""
"Cuento Corto","Lee o escucha un cuento de 5 minutos","20","","aprendizaje","2","68fa82a21c8caf95f20f7f29","2025-10-23T19:31:46.659000","2025-10-23T19:31:46.659000","68f8bc1e327b319b57e0d51f",""
"Estatuas","Juega a las estatuas: qu√©date quieto como una estatua por 30 segundos","20","","autorregulacion","2","68fa82a21c8caf95f20f7f2a","2025-10-23T19:31:46.659000","2025-10-23T19:31:46.659000","68f8bc1e327b319b57e0d51f",""
"Comparte Tu Juguete","Comparte un juguete con alguien por 10 minutos","25","","cooperacion","2","68fa82a21c8caf95f20f7f2b","2025-10-23T19:31:46.659000","2025-10-23T19:31:46.659000","68f8bc1e327b319b57e0d51f",""
"¬°Buenos D√≠as!","Di buenos d√≠as a 3 personas de tu familia","10","","social","1","68fa831394995ee0e68b77e3","2025-10-23T19:33:39.103000","2025-10-23T19:33:39.103000","68f8bc1e327b319b57e0d51f",""
"Recoge 5 Juguetes","Guarda 5 juguetes en su lugar","10","","tareas","1","68fa831394995ee0e68b77e4","2025-10-23T19:33:39.103000","2025-10-23T19:33:39.103000","68f8bc1e327b319b57e0d51f",""
"Saltos de Rana","Da 10 saltos como una rana üê∏","10","","movimiento","1","68fa831394995ee0e68b77e5","2025-10-23T19:33:39.103000","2025-10-23T19:33:39.103000","68f8bc1e327b319b57e0d51f",""
"Respira Hondo","Respira hondo 3 veces: inhala por la nariz, exhala por la boca","10","","autorregulacion","1","68fa831394995ee0e68b77e6","2025-10-23T19:33:39.103000","2025-10-23T19:33:39.103000","68f8bc1e327b319b57e0d51f",""
"Dibuja Tu Familia","Haz un dibujo de tu familia con colores","15","","creatividad","1","68fa831394995ee0e68b77e7","2025-10-23T19:33:39.103000","2025-10-23T19:33:39.103000","68f8bc1e327b319b57e0d51f",""
"Cuenta Hasta 10","Cuenta del 1 al 10 en voz alta","10","","aprendizaje","1","68fa831394995ee0e68b77e8","2025-10-23T19:33:39.103000","2025-10-23T19:33:39.103000","68f8bc1e327b319b57e0d51f",""
"Ayuda en la Mesa","Ayuda a poner 3 cosas en la mesa para comer","15","","cooperacion","1","68fa831394995ee0e68b77e9","2025-10-23T19:33:39.103000","2025-10-23T19:33:39.103000","68f8bc1e327b319b57e0d51f",""
"Encuentra 3 Cosas Rojas","Busca 3 objetos de color rojo en tu casa","15","","atencion","1","68fa831394995ee0e68b77ea","2025-10-23T19:33:39.103000","2025-10-23T19:33:39.103000","68f8bc1e327b319b57e0d51f",""
"Baila una Canci√≥n","Baila tu canci√≥n favorita completa","15","","movimiento","1","68fa831394995ee0e68b77eb","2025-10-23T19:33:39.103000","2025-10-23T19:33:39.103000","68f8bc1e327b319b57e0d51f",""
"Abrazo Especial","Dale un abrazo a alguien que quieras","10","","social","1","68fa831394995ee0e68b77ec","2025-10-23T19:33:39.103000","2025-10-23T19:33:39.103000","68f8bc1e327b319b57e0d51f",""
"Torre de Bloques","Construye una torre con 10 bloques o libros","20","","atencion","2","68fa831394995ee0e68b77ed","2025-10-23T19:33:39.103000","2025-10-23T19:33:39.103000","68f8bc1e327b319b57e0d51f",""
"Clasifica por Colores","Agrupa 10 objetos por colores","20","","atencion","2","68fa831394995ee0e68b77ee","2025-10-23T19:33:39.103000","2025-10-23T19:33:39.103000","68f8bc1e327b319b57e0d51f",""
"Cuento Corto","Lee o escucha un cuento de 5 minutos","20","","aprendizaje","2","68fa831394995ee0e68b77ef","2025-10-23T19:33:39.104000","2025-10-23T19:33:39.104000","68f8bc1e327b319b57e0d51f",""
"Juego de Estatuas","Qu√©date quieto como una estatua por 30 segundos","20","","autorregulacion","2","68fa831394995ee0e68b77f0","2025-10-23T19:33:39.104000","2025-10-23T19:33:39.104000","68f8bc1e327b319b57e0d51f",""
"Comparte Tu Juguete","Comparte un juguete con alguien por 10 minutos","25","","cooperacion","2","68fa831394995ee0e68b77f1","2025-10-23T19:33:39.104000","2025-10-23T19:33:39.104000","68f8bc1e327b319b57e0d51f",""